"male","میلاد","مرادی","myld.mrdy@example.com","اردبیل","tinysnake903","thompson"
"female","Begüm","Eronat","begum.eronat@example.com","Yozgat","redwolf918","iomega"
"male","Anthony","Saleh","anthony.saleh@example.com","Tingvollvågen","whitegorilla965","choochoo"
"female","Smruthi","Adiga","smruthi.adiga@example.com","Panvel","beautifulcat818","yankee"
"female","Georgina","Carvajal","georgina.carvajal@example.com","Jiquipilco","brownostrich700","tree"
"male","Rolando","Barros","rolando.barros@example.com","Timon","orangedog853","singer"
"female","Hailey","Campbell","hailey.campbell@example.com","Lloydminster","crazybear348","applepie"
"male","Christopher","Beck","christopher.beck@example.com","Youghal","crazygoose729","isaiah"
"female","Vlada","Garmatiy","vlada.garmatiy@example.com","Volnovaha","redlion959","misha"
"female","Sophia","Hall","sophia.hall@example.com","Cobh","bluecat446","andrew"
